"DA_SSOS_avg","DA_SSOSw_avg","DA_SSOSw_5y_avg","DA_SSOSw_10y_avg","DA_SSOSw_5y_chg","DA_SSOSw_10y_chg"
1.46944820484339,0.1446695707607,0.145214581684442,0.144587283125114,0.000545010923742012,-8.22876355860425e-05
